[
  {
    "id": 1,
    "hospital": "NewYork-Presbyterian Hospital",
    "city": "New York",
    "surgeryType": "Knee Replacement",
    "averageCost": 45000,
    "rating": 4.7,
    "lat": 40.8417,
    "lng": -73.9415
  },
  {
    "id": 2,
    "hospital": "Mount Sinai Hospital",
    "city": "New York",
    "surgeryType": "Hip Replacement",
    "averageCost": 47000,
    "rating": 4.5,
    "lat": 40.7901,
    "lng": -73.9536
  },
  {
    "id": 3,
    "hospital": "NYU Langone Health",
    "city": "New York",
    "surgeryType": "C-Section",
    "averageCost": 15000,
    "rating": 4.3,
    "lat": 40.742,
    "lng": -73.974
  },
  {
    "id": 4,
    "hospital": "Strong Memorial Hospital",
    "city": "Rochester",
    "surgeryType": "Appendectomy",
    "averageCost": 12000,
    "rating": 4.1,
    "lat": 43.1367,
    "lng": -77.6069
  },
  {
    "id": 5,
    "hospital": "Buffalo General Medical Center",
    "city": "Buffalo",
    "surgeryType": "Gallbladder Removal",
    "averageCost": 14000,
    "rating": 4.2,
    "lat": 42.9159,
    "lng": -78.8396
  }
]
